{
  "parent": "minecraft:item/generated",
  "textures": {
    "layer0": "minecraft:item/elytra"
  },
  "overrides": [
    {
      "predicate": {
        "custom_model_data": 1
      },
      "model": "minecraft:item/armored_elytra_test/leather"
    },
    {
      "predicate": {
        "custom_model_data": 2
      },
      "model": "minecraft:item/armored_elytra_test/gold"
    },
    {
      "predicate": {
        "custom_model_data": 3
      },
      "model": "minecraft:item/armored_elytra_test/chainmail"
    },
    {
      "predicate": {
        "custom_model_data": 4
      },
      "model": "minecraft:item/armored_elytra_test/iron"
    },
    {
      "predicate": {
        "custom_model_data": 5
      },
      "model": "minecraft:item/armored_elytra_test/diamond"
    },
    {
      "predicate": {
        "custom_model_data": 6
      },
      "model": "minecraft:item/armored_elytra_test/netherite"
    },
    {
      "predicate": {
        "custom_model_data": 7
      },
      "model": "minecraft:item/armored_elytra_test/copper"
    }
  ]
}