{
  "parent": "item/generated",
  "textures": {
    "layer0": "item/elytra"
  },
  "overrides": [
    {
      "predicate": {
        "custom_model_data": 1
      },
      "model": "item/armored_elytra/leather"
    },
    {
      "predicate": {
        "custom_model_data": 2
      },
      "model": "item/armored_elytra/gold"
    },
    {
      "predicate": {
        "custom_model_data": 3
      },
      "model": "item/armored_elytra/chainmail"
    },
    {
      "predicate": {
        "custom_model_data": 4
      },
      "model": "item/armored_elytra/iron"
    },
    {
      "predicate": {
        "custom_model_data": 5
      },
      "model": "item/armored_elytra/diamond"
    },
    {
      "predicate": {
        "custom_model_data": 6
      },
      "model": "item/armored_elytra/netherite"
    },
    {
      "predicate": {
        "custom_model_data": 7
      },
      "model": "item/armored_elytra/copper"
    }
  ]
}
